room_id,reservation_count,reserved_hours
004,1959,2899.77
005,1856,3092.22
006,1971,3088.22
007,1866,2973.95
008,1854,2990.38
009,1917,2969.22
010,1845,2950.67
011,1692,2774.4
012,1758,2898.52
013,1770,2910.65
032,1659,3042.2
033,1668,2873.63
034,1668,2870.52
035,264,296.25
102H,1213,1382.48
103,290,305.33
104,2101,3284.48
105,2107,3242.3
106,2029,3211.32
107,1987,3201.75
108,1914,3106.53
109,1896,2953.65
129,150,289.25
131,290,365.88
132,208,327.0
133,166,226.5
134,5,12.0
141,181,287.83
203,220,378.75
205,81,140.83
206,158,263.17
209,1765,2963.62
210,1711,2824.38
216,148,143.92
227F,512,571.72
234,478,472.58
303,1406,2001.5
304,1246,1869.92
316,61,147.92
324,1680,2778.28
325,1661,2912.17
326,1548,2868.13
327,77,151.25
330C,129,115.72
330D,148,183.47
Arcade,6,8.5
